id,submission_id,body,created_utc,parent_id,permalink
ew5mz7g,cmrp0c,"Pain can effect NES. Anytime I have a gout attack or back pain I will convulse. Sometimes I drool, I am concious but not able to talk during a pseudo seizure. \n\nThe only way to know for sure if your chronic pain is causing PNES is to talk to a Neurologist to rule out the epilepsy for sure and then see a psychologist for them to diagnose you. \n\nI was diagnosed with General Anxiety Disorder and Conversion Disorder. The Conversion Disorder is what takes the form of PNES.",1565140178,t3_cmrp0c,/r/PNESsupport/comments/cmrp0c/can_anyone_shed_some_light_on_my_situation/ew5mz7g/
ew81cdi,cmrp0c,"Thankyou very much for the info. I have a checkup soon so I will bring up seeing one soon. I also have GAD  caused mainly from the effects an my chronic pain has on my life and depression. I‚Äôm guessing both could do it? Anything you have found that helped? I don‚Äôt exacly mined them as I can‚Äôt remember but it scares my family and friends along with causing gaps and collapsing a lot. Thx, the help is greatly appreciated! :)",1565201351,t1_ew5mz7g,/r/PNESsupport/comments/cmrp0c/can_anyone_shed_some_light_on_my_situation/ew81cdi/
ew870aq,cmrp0c,"I can only go on personal experience when it comes to what I‚Äôve found what helps though you might find a lot of this stuff familiar as you have chronic pain. There is no cure but it can be managed.\n\n1. a lot of doctors don‚Äôt like calling them seizures (which often has the connotation of epilepsy), so they often call them ‚Äúattacks‚Äù or ‚Äúepisodes‚Äù until it‚Äôs diagnosed. I got very upset with this because it felt like I wasn‚Äôt being taken seriously when In fact it‚Äôs just that PNES is something that is easily misdiagnosed and as such a large amount of doctors don‚Äôt know how to deal with it. They are swimming in uncharted waters, so let them know your worries but try to keep your calm. (I was fired from a doctor for yelling at them, seriously, keep your calm).\n\n2: keep a journal. Write down what you were doing right before they happened, your sleep patterns, eating habits (bullet journals are my friend). This can be shown to your doctors which will help them out a lot.\n\n3: do not skip meds, meals or liquids. Like at all. This can affect you more than you realize. Small meals more often (something to talk to your doctor about) and drink when you‚Äôre thirsty (for me that‚Äôs all the time).\n\n4: self care is important. Take breaks, if you need to sit down, sit down. Do not let yourself get run down if you can. [how to deal with chronic pain #buildingtheladder](https://youtu.be/f3uF3EpSZMw)  This video is about chronic pain but i found a lot of good tips for depression and days when my PNES is just kicking my ass.\n\n5: counselling for your GAD can give you coping skills. W.R.A.P was a program I went through for helping with stress your doctor might have something similar group support can do wonders.",1565204570,t1_ew81cdi,/r/PNESsupport/comments/cmrp0c/can_anyone_shed_some_light_on_my_situation/ew870aq/
ew890tv,cmrp0c,"Thankyou very much man! This is great information to have. I‚Äôll watch the video, should be useful. Unfortunately my eating is very limited due to my illness, I end up vomiting a lot as well and foods trigger my pain along with stress or over excitement. I‚Äôm always dehydrated as it comes with my vomiting. Sounds similar to the always be neutral and calm emotional restrictions I already have, I take pregabalin which keeps me calm which is an anti epileptic drug, so can‚Äôt be epilepsy even more so. I‚Äôm also currently in counselling for depression and poor mood due to bad pain which is good! I‚Äôll bring it up with them too. I‚Äôm sorry your going through this, any thing that can‚Äôt be cured or effects the way you are allowed to think is horrible! You have really helped I can‚Äôt express that enough. It‚Äôs been scary as Iv actually just had another in bed. Only realised because I woke up and couldn‚Äôt really hear, sounded like I was under water. It will get better, or you will fined it easier man, makes u stronger and kinder then most in the end. Even if it can be a sh*t time a lot of the time.",1565205747,t1_ew870aq,/r/PNESsupport/comments/cmrp0c/can_anyone_shed_some_light_on_my_situation/ew890tv/
ewa6k6f,cmrp0c,I'm glad I was able to help. I'm on a topiramate which while helps me with my chronic migraines is an anti convulsive so I get the uselessness of meds sometimes. \n\nI lose time (I can still do things and have conversations but I'll forget what I've done) so I know it can be very scary to come to and not know what happened. Please know you are not alone and we are all here for here. Good luck with your Doctor's appointment.,1565237505,t1_ew890tv,/r/PNESsupport/comments/cmrp0c/can_anyone_shed_some_light_on_my_situation/ewa6k6f/
esb85s8,c6sy30,"This is actually a really good idea, I‚Äôve just been like telling people who need to know so far. Like roommates and stuff. Unfortunately don‚Äôt have any leads on that but I too most likely have conversion disorder and suffer from PNES as a result of CPTSD. I feel for you. Let me know if you find anything, I‚Äôd love to hear about it!",1561781327,t3_c6sy30,/r/PNESsupport/comments/c6sy30/medic_alert/esb85s8/
esbhh6c,c6sy30, [https://www.theidbandco.com/Premier-Customisable-Medical-ID-Flatbands](https://www.theidbandco.com/Premier-Customisable-Medical-ID-Flatbands),1561792375,t3_c6sy30,/r/PNESsupport/comments/c6sy30/medic_alert/esbhh6c/
escatos,c6sy30,Etsy.com has different styles that you can personalize! Best of luck!,1561825159,t3_c6sy30,/r/PNESsupport/comments/c6sy30/medic_alert/escatos/
etjqeec,c6sy30,"Does anyone by chance have any recommendations in dealing with pnes? Medications have never worked for me. I wanted to try smoking hemp to see if it would help with my anxiety and my emotional mental stress. These seizures I feel are really triggered by my emotional mental stress, like I'm always just  anticipating having one. Any advice would be greatly appreciated, thanks.",1562879128,t3_c6sy30,/r/PNESsupport/comments/c6sy30/medic_alert/etjqeec/
escnupr,c6sy30,This is exactly what I was looking for! Thank you so much!,1561834219,t1_esbhh6c,/r/PNESsupport/comments/c6sy30/medic_alert/escnupr/
etk2yri,c6sy30,"I‚Äôve ever tried smoking anything and as for meds, anticonvulsants never worked for me (though I am on Toprimate to deal with chronic migraines). Anti depressants help me but it took me a while to get on the right one. Counseling and a few group therapy programs such as WRAP helped me deal with stress but I still suffer from at least three seizures a day.\n\nHaving a plan for what happens after a seizure has helped me worry less as well. such as keeping a bottle of water on me when I go out (hydration is important), an extra pair of underwear and a skirt/pants. A folding cane if I start feeling weak in the legs and I try to eat regular meals because that can effect stress levels. \n\nSince I‚Äôm conscious during my seizures I‚Äôve also learned some sign language so I can answer basic yes or no questions. None of these things have stopped my seizures, but I worry a little less now.",1562887583,t1_etjqeec,/r/PNESsupport/comments/c6sy30/medic_alert/etk2yri/
etk4ysf,c6sy30,I see what you mean. Do you by chance ever get any kind of aura before having yours?,1562889018,t1_etk2yri,/r/PNESsupport/comments/c6sy30/medic_alert/etk4ysf/
etk5k4e,c6sy30,"Sometimes but most of the time I get lightheaded, my muscles start to tense and the tip of my tongue starts to go numb. \n\nI‚Äôve found a cold compress on the back of the neck comforting and a great distraction during one.",1562889454,t1_etk4ysf,/r/PNESsupport/comments/c6sy30/medic_alert/etk5k4e/
etmxebj,c6sy30,When did this start happening for You? Mine started about six years ago back from when I use to smoke synthetic marijuana and just popped a bunch of pills. After I gave everything up a few years back my seizures just never stopped as well.,1562971016,t1_etk5k4e,/r/PNESsupport/comments/c6sy30/medic_alert/etmxebj/
eq8bqpa,bxmpmu,"I'm sorry to hear so many people have distanced themselves from you as a result of your diagnosis.  My girlfriend has PNES and lots of friends drifted or stopped seeing her.  But the ones that stuck around are the real friends.  I started dating her after already knowing she has PNES, and I'm happy to drive her around.  Lots won't understand, but you will find those who do and they will stick it out with you.  \n\n&#x200B;\n\nThese days she's down to about a seizure a week.  Some weeks are more difficult than others. It's a journey, but a journey that gets better with time.",1559862465,t3_bxmpmu,/r/PNESsupport/comments/bxmpmu/struggling_with_my_new_pnes_diagnosis/eq8bqpa/
eq8a3jm,bxmpmu,Your words are every single thing going on with me as well.,1559861604,t3_bxmpmu,/r/PNESsupport/comments/bxmpmu/struggling_with_my_new_pnes_diagnosis/eq8a3jm/
erzp4mu,bxmpmu,"It‚Äôs oftentimes very hard for neurotypical  people to understand that PNES is a real thing. My psychologist wouldn‚Äôt even diagnose me with PNES, he Diagnosed me with a Conversion disorder and Generalized Anxiety Disorder.  Conversion disorder is the cause for things like hysterical blindness, selective mutism, chronic pain and PNES.  It converts the stress into physical disorders. \n\nI have combat the people who believe ‚Äúit‚Äôs all in my head‚Äù with, ‚Äúit‚Äôs similar to PTSD.‚Äù  This gets them to stop and think. It‚Äôs especially hard for older generations like our parents and grandparents to understand what is going on with our minds and bodies.\n\nI‚Äôm sorry your therapist is away on holiday but if you need to talk to someone in the meantime you can take a look into possible walk in councillors who help are there just to listen to people who need a single session. There are 24/7 mental helplines available to just listen to you and talk to you. This is their job and they are trained specifically for it, this is a wonderful tool to have in your belt.\n\nIf you ever need to talk (about anything, not just seizure disorders.) send me a message and I‚Äôll happily chat your ear off. \n\n\nPS.\nHere‚Äôs a playlist of the first few vids I watched to help me understand the basics.\n\n[PNES playlist](https://www.youtube.com/playlist?list=PLDHWj3vVQLri1u4RqSWattZf5bHvfJHMu)",1561444518,t3_bxmpmu,/r/PNESsupport/comments/bxmpmu/struggling_with_my_new_pnes_diagnosis/erzp4mu/
eqadred,bxmpmu,I'm glad to hear your girlfriend is doing a lot better and has good support from both you and her more dedicated friends üíú,1559930951,t1_eq8bqpa,/r/PNESsupport/comments/bxmpmu/struggling_with_my_new_pnes_diagnosis/eqadred/
eqadvr2,bxmpmu,I'm sorry to hear you're in the same boat as me. üòî It really is tough going.,1559931009,t1_eq8a3jm,/r/PNESsupport/comments/bxmpmu/struggling_with_my_new_pnes_diagnosis/eqadvr2/
eqq234s,bxmpmu,"I just wanted to say that keep your chin up, it does get better.",1560210133,t1_eqadred,/r/PNESsupport/comments/bxmpmu/struggling_with_my_new_pnes_diagnosis/eqq234s/
eqae18f,bxmpmu,"Anytime you want to talk, I‚Äôm here. It‚Äôs a lonely and confusing situation.",1559931096,t1_eqadvr2,/r/PNESsupport/comments/bxmpmu/struggling_with_my_new_pnes_diagnosis/eqae18f/
epxvyeq,bwi3sa,"If you find out anything post it please, I have the same issue and it doesn‚Äôt have to be a stressful situation I can just be to excited and they happen",1559612306,t3_bwi3sa,/r/PNESsupport/comments/bwi3sa/ssi_for_pnes/epxvyeq/
eq8k7xo,bwi3sa,"My girlfriend has SSD.  It was a two year wait before she got her hearing, so apply ASAP.  She was extremely nervous, but she just told her PNES story from start to finish and won her case. Also in her hearing there was a jobs expert, and the judge asked the jobs person if someone were to miss two random days of work a month, are they employable?  The jobs expert said no.  As you well know only missing two random days of work a month due to PNES would be a heck of a good month!   So just get started on the process now so you can get the help you need.",1559867266,t3_bwi3sa,/r/PNESsupport/comments/bwi3sa/ssi_for_pnes/eq8k7xo/
eqk9r30,bwi3sa,"(24 m) I‚Äôd love to hear a follow up on this. everyone tells me i should look into it. Its just overwhelming but i‚Äôve had my fourth seizure at work this year, which has scared the hell out of my employer but i‚Äôm also afraid to lose my job.",1560118522,t3_bwi3sa,/r/PNESsupport/comments/bwi3sa/ssi_for_pnes/eqk9r30/
erzqps1,bwi3sa,"I‚Äôm currently going through ODSP (Ontario Disability support Pension) because I have not been able to keep a job since 2013 (The seizures moved from losing time and tremors that I had been having since I was a child to falling and convulsions in 2011) and as such have been on Ontario Works (AKA welfare) for eight years. \n\nIt is not an easy thing to go through and jumping through hoops will seem like your new past time but having that small financial independence can be a great comfort. Go to your local social service centre and if you don‚Äôt already have a councillor ask to make an appointment with one. Talk to them and explain what‚Äôs happening as calmly and as matter of fact as possible. \n\nHave things written down like how long you‚Äôve been experiencing everything, what the doctors and therapists have said, if possible bring pay stubs and your current monthly budget either printed out or printed as neatly as possible. Show them how serious the matter is. \n\nListen to what they have to say, and hopefully they can help you with filing for SSI, they may even have other assistance you can be placed on in addition to SSI, you never know.",1561446609,t3_bwi3sa,/r/PNESsupport/comments/bwi3sa/ssi_for_pnes/erzqps1/
epxugm0,bwi3sa,"I‚Äôve never heard of SSIs but trust yourself in making decisions. If you think it might work, you should really invest in it. Those kind of seizures suck, and I hope they get better. I know sometimes calming music can help (even if it‚Äôs death metal, whatever calms you). I know this isn‚Äôt what you asked for, but I hope this could help a little. Good luck :)",1559611143,t3_bwi3sa,/r/PNESsupport/comments/bwi3sa/ssi_for_pnes/epxugm0/
epxyzgb,bwi3sa,So you suffer from PNES as well?,1559614631,t1_epxvyeq,/r/PNESsupport/comments/bwi3sa/ssi_for_pnes/epxyzgb/
eqd37nf,bwi3sa,"Thank you for the insight! My SO and my mom are encouraging me to apply but I'm trying to gather everything I possibly can for the case, Medical Records, testimony from a previous employer about a seizure that happened at work, testimony from my most recent employer about all the shifts I've had to miss/leave due to seizures, and testimony from my SO about how debilitating my medical issues are.",1559983017,t1_eq8k7xo,/r/PNESsupport/comments/bwi3sa/ssi_for_pnes/eqd37nf/
epxuqcw,bwi3sa,SSI is Social Security Income for disabled individuals who can't work.\nThank you for the positivity tho,1559611353,t1_epxugm0,/r/PNESsupport/comments/bwi3sa/ssi_for_pnes/epxuqcw/
epy8m54,bwi3sa,"They say it‚Äôs not a real seizure it‚Äôs in my head so I don‚Äôt talk to doctors about it, just deal with it and it sucks. I didn‚Äôt know it was called this really until recently just found this group",1559623219,t1_epxyzgb,/r/PNESsupport/comments/bwi3sa/ssi_for_pnes/epy8m54/
eqq2chh,bwi3sa,"That's great, definitely building yourself a good case.  At her hearing they discussed bringing me in to talk about how much her seizures affect her life but decided they didn't need me to.",1560210337,t1_eqd37nf,/r/PNESsupport/comments/bwi3sa/ssi_for_pnes/eqq2chh/
epxv4li,bwi3sa,"Oh Social Security, okay. I‚Äôve looked into it, but it seems practically impossible if you‚Äôre just starting out and you need it. If you‚Äôve already worked a bit, it might be of use to you.  Hope that helps some :)",1559611663,t1_epxuqcw,/r/PNESsupport/comments/bwi3sa/ssi_for_pnes/epxv4li/
epyhevu,bwi3sa,"Just because it's ""in your head"" doesn't mean its not a real seizure and it doesn't interfere with your life on a daily basis.",1559634840,t1_epy8m54,/r/PNESsupport/comments/bwi3sa/ssi_for_pnes/epyhevu/
elysnbp,bi4bp1,"I am 19, I'll be 20 in October. I was diognosed in 2016. I have been in therapy since I was 9 years old and have other mental diagnoses.  The only medicine that really helps me is anxiety medicine. I have tried many many medicine and for me (everyone is different) adivan is the only one that can stop a seizure in its tracks. But no one will prescribe it to me. I got it prescribed by the ER I have one left. I can only use them when I think  I'm going to have multiple. I have had seizures back to back for up to 3 hours straight with only a minute max in between. My neck and right shoulder muscles spasm and I can scream, at some points i stop breathing and go into a fetal position. If you need to talk to me about anything you can message me.",1556433269,t3_bi4bp1,/r/PNESsupport/comments/bi4bp1/newly_diagnosed_and_feeling_lost/elysnbp/
elz1y4h,bi4bp1,"There is a published anthology of stories of people with PNES / NEAD called 'In our words', which I found quite useful to read. \n\n&#x200B;\n\nI think firstly it will take some time to accept your diagnosis, especially with any other MH issues, but in time it does become easier to digest. I was diagnosed in 2016 after having seizures for years, and I haven't now had one in 5+ months after therapy. It can get better.",1556448649,t3_bi4bp1,/r/PNESsupport/comments/bi4bp1/newly_diagnosed_and_feeling_lost/elz1y4h/
elz5iqu,bi4bp1,"I was diagnosed with this as well after months being in anti seizure meds that made me absolutely sick and worsened my anxiety. I‚Äôve gone 3 months now without having seizures. I still have panic attacks that I‚Äôm able to walk myself out of, but no more panic induced seizures. Once I was told this is what it is, something in my brain switched and so when I felt like having a seizure I was able to tell myself it‚Äôs just anxiety. I‚Äôve been doing therapy and that‚Äôs it, but that doesn‚Äôt work for everyone.",1556453687,t3_bi4bp1,/r/PNESsupport/comments/bi4bp1/newly_diagnosed_and_feeling_lost/elz5iqu/
em0f0ln,bi4bp1,"My partner was diagnosed with PNES a few months ago. You‚Äôll definitely face a struggle, but the most important things are sleep and mental health. Make sure to take care of yourself and don‚Äôt burn yourself out. It can be scary going through this and you might have memory problems, but you need to know that it will be okay and that you can handle this. See if you can have someone help you through this.",1556487367,t3_bi4bp1,/r/PNESsupport/comments/bi4bp1/newly_diagnosed_and_feeling_lost/em0f0ln/
eof6rmx,bi4bp1,"I found therapy helped a lot. I also found taking a nap in the afternoon helped. Stress as a trigger is very important. And not to worry about it is important. You have PNES, it doesn't have you.",1558524862,t3_bi4bp1,/r/PNESsupport/comments/bi4bp1/newly_diagnosed_and_feeling_lost/eof6rmx/
em0ca4u,bi4bp1,"Thank you for sharing! Do you mean that if you feel a seizure coming on you take the adivan? I‚Äôm sorry you have a hard time getting a prescription! That sucks! Thank you, I may message you in the future.",1556485489,t1_elysnbp,/r/PNESsupport/comments/bi4bp1/newly_diagnosed_and_feeling_lost/em0ca4u/
em0ckxj,bi4bp1,Thanks! I‚Äôll have to look that book up! I did find PNES: A Guide and it‚Äôs currently being shipped. My medical team was great but didn‚Äôt provide much for resources after my EMU discharge. \n\nThat‚Äôs so great that I‚Äôve been seizure free recently! Congrats! Thanks for the hope!,1556485700,t1_elz1y4h,/r/PNESsupport/comments/bi4bp1/newly_diagnosed_and_feeling_lost/em0ckxj/
em0cskt,bi4bp1,"Good for you!! Congrats on being 3 months seizure free! May I ask, how long have you been in therapy? How long did it take to find a therapist? You don‚Äôt have to share anything too personal, I‚Äôm just trying to get a sense of other people‚Äôs stories.",1556485846,t1_elz5iqu,/r/PNESsupport/comments/bi4bp1/newly_diagnosed_and_feeling_lost/em0cskt/
em0k0z8,bi4bp1,"Thank you so much!! Yes I‚Äôve been struggling with memory loss, word finding, and fatigue pretty badly. Thankfully my husband is an amazing support! There is so much stigma/misunderstanding around this condition that makes it really lonely. Your partner sounds lucky to have you!",1556490863,t1_em0f0ln,/r/PNESsupport/comments/bi4bp1/newly_diagnosed_and_feeling_lost/em0k0z8/
em0d827,bi4bp1,Yes that's what I meant. It was really early in the morning (I hadn't slept yet),1556486145,t1_em0ca4u,/r/PNESsupport/comments/bi4bp1/newly_diagnosed_and_feeling_lost/em0d827/
em0dm6g,bi4bp1,"I ended up being admitted in the behavioral health side of the hospital (truly horrible place). While there I kept having seizures because I was a nervous wreck. Once I was out of there, I went to community counseling because no private therapist or psychiatrist took my insurance. Took about a month to be seen. I went to her every week for a month straight and then she dropped it down to once every two week and then once a month. In all, probably the second or third week was when I was able to really get the whole ‚Äúthis seizure isn‚Äôt a seizure but a panic attack‚Äù ‚Äúthis feeling isn‚Äôt a seizure, it‚Äôs anxiety.‚Äù Some days I still get that slight ‚Äúwhat if they‚Äôre wrong and I really have seizures‚Äù and almost being myself into one, but deep breath helped lessen that feeling. I‚Äôve been seeing my counselor for 4 months now. Psychiatrist had put me on medications but they all seemed to worsen my anxiety to the point of bringing in anxiety seizures. He felt that as long as I learned to cope and manage, I wouldn‚Äôt need long term medication for my PNES.",1556486415,t1_em0cskt,/r/PNESsupport/comments/bi4bp1/newly_diagnosed_and_feeling_lost/em0dm6g/
em0kdmu,bi4bp1,"The condition is still very foreign to me and it might take a while for your partner to accept any changes, but (hopefully) they‚Äôll try their best. The stigma sucks, but you‚Äôll find a lot more people who are actually pretty good about it than you might think! I wish you both luck on everything. All of the effects you are going through are normal, just make sure you keep yourself in check and if you have an episode you log every one. Hope I could help some! :)",1556491129,t1_em0k0z8,/r/PNESsupport/comments/bi4bp1/newly_diagnosed_and_feeling_lost/em0kdmu/
em0er3v,bi4bp1,"I‚Äôm sorry you had a bad experience at the hospital! I‚Äôve heard most behavioral health units aren‚Äôt the greatest, unfortunately. Thank you for sharing! That give me better insight! Thankfully i haven‚Äôt had to deal with panic attacks, only the seizures. That‚Äôs interesting about the meds, but in my opinion better to learn to deal with it on your own if possible than have to have meds (again everyone is different and no one way is the right way). Thanks again!!",1556487185,t1_em0dm6g,/r/PNESsupport/comments/bi4bp1/newly_diagnosed_and_feeling_lost/em0er3v/
em0l5se,bi4bp1,Yes you have! I appreciate your insight!,1556491728,t1_em0kdmu,/r/PNESsupport/comments/bi4bp1/newly_diagnosed_and_feeling_lost/em0l5se/
elra9kh,bgxgv3,"Hey fellow shaker. I found the best I can do is accept what is happening. I find that the events actually provide a sense of relief. That built up tension that leads up to it suddenly dissipates. I appreciate my brain for doing this, for taking care of me. I'm bad about taking care of myself when stressed, and not expressing my needs. The events are a very obvious way of displaying ""I'm in need, I can't continue like this"". \n\nIf people don't believe you, then that's their problem. Don't let them affect you, because you have enough stress going on as it is.\n\nThere's a very cool video of a polar bear who is having a reaction similar to us. https://vimeo.com/90741652",1556210149,t3_bgxgv3,/r/PNESsupport/comments/bgxgv3/help/elra9kh/
elox5d8,bgxgv3,Well I‚Äôm telling you now you are valid. My partner goes through episodes and has only had two really bad ones. Just want to let you know that everything will be okay. Maybe it would be for the best to try an anti anxiety medication?,1556141488,t3_bgxgv3,/r/PNESsupport/comments/bgxgv3/help/elox5d8/
elpum2k,bgxgv3,"I have alot of these episodes, some have lasted over 2 hours. They are horribly tiring and draining, but with therapy every week and antianxiety medication they have gotten a little better. I hope you find a medicine that works for you. The first or second medicine might not be the one that helps. Please don't give up. Give your self time to figure out the medications and what you need to help with these episodes.",1556164302,t3_bgxgv3,/r/PNESsupport/comments/bgxgv3/help/elpum2k/
elrb2co,bgxgv3,thank you. I really appreciate your comment and knowing i‚Äôm not alone ‚ô•Ô∏è,1556210635,t1_elra9kh,/r/PNESsupport/comments/bgxgv3/help/elrb2co/
eloxyd6,bgxgv3,thank you. I really appreciate it and that‚Äôs what i‚Äôm thinking too. I have an appointment for tuesday!,1556142017,t1_elox5d8,/r/PNESsupport/comments/bgxgv3/help/eloxyd6/
elpumh5,bgxgv3,"Hey, goodsvibesandriptide, just a quick heads-up:  \n**alot** is actually spelled **a lot**. You can remember it by **it is one lot, 'a lot'**.  \nHave a nice day!\n\n^^^^The ^^^^parent ^^^^commenter ^^^^can ^^^^reply ^^^^with ^^^^'delete' ^^^^to ^^^^delete ^^^^this ^^^^comment.",1556164311,t1_elpum2k,/r/PNESsupport/comments/bgxgv3/help/elpumh5/
elpvb55,bgxgv3,I'm disappointed in myself.,1556164870,t1_elpumh5,/r/PNESsupport/comments/bgxgv3/help/elpvb55/
